,Unnamed: 0,Propositions
0,0,red = 10
1,1,red = 20
2,2,red = 30
3,3,red = 40
4,4,red = 50
5,5,red = blue
6,6,red = green
7,7,red = purple
8,8,red = yellow
9,9,red = blue + green
10,10,red = blue + purple
11,11,red = blue + yellow
12,12,red = green + purple
13,13,red = green + yellow
14,14,red = purple + yellow
15,15,red = blue + green + purple
16,16,red = blue + green + yellow
17,17,red = blue + purple + yellow
18,18,red = green + purple + yellow
19,19,red = blue + green + purple + yellow
20,20,red != 10
21,21,red != 20
22,22,red != 30
23,23,red != 40
24,24,red != 50
25,25,red != blue
26,26,red != green
27,27,red != purple
28,28,red != yellow
29,29,red != blue + green
30,30,red != blue + purple
31,31,red != blue + yellow
32,32,red != green + purple
33,33,red != green + yellow
34,34,red != purple + yellow
35,35,red != blue + green + purple
36,36,red != blue + green + yellow
37,37,red != blue + purple + yellow
38,38,red != green + purple + yellow
39,39,red != blue + green + purple + yellow
40,40,red < 10
41,41,red < 20
42,42,red < 30
43,43,red < 40
44,44,red < 50
45,45,red < blue
46,46,red < green
47,47,red < purple
48,48,red < yellow
49,49,red < blue + green
50,50,red < blue + purple
51,51,red < blue + yellow
52,52,red < green + purple
53,53,red < green + yellow
54,54,red < purple + yellow
55,55,red < blue + green + purple
56,56,red < blue + green + yellow
57,57,red < blue + purple + yellow
58,58,red < green + purple + yellow
59,59,red < blue + green + purple + yellow
60,60,red > 10
61,61,red > 20
62,62,red > 30
63,63,red > 40
64,64,red > 50
65,65,red > blue
66,66,red > green
67,67,red > purple
68,68,red > yellow
69,69,red > blue + green
70,70,red > blue + purple
71,71,red > blue + yellow
72,72,red > green + purple
73,73,red > green + yellow
74,74,red > purple + yellow
75,75,red > blue + green + purple
76,76,red > blue + green + yellow
77,77,red > blue + purple + yellow
78,78,red > green + purple + yellow
79,79,red > blue + green + purple + yellow
80,80,blue = 10
81,81,blue = 20
82,82,blue = 30
83,83,blue = 40
84,84,blue = 50
85,85,blue = red
86,86,blue = green
87,87,blue = purple
88,88,blue = yellow
89,89,blue = red + green
90,90,blue = red + purple
91,91,blue = red + yellow
92,92,blue = green + purple
93,93,blue = green + yellow
94,94,blue = purple + yellow
95,95,blue = red + green + purple
96,96,blue = red + green + yellow
97,97,blue = red + purple + yellow
98,98,blue = green + purple + yellow
99,99,blue = red + green + purple + yellow
100,100,blue != 10
101,101,blue != 20
102,102,blue != 30
103,103,blue != 40
104,104,blue != 50
105,105,blue != red
106,106,blue != green
107,107,blue != purple
108,108,blue != yellow
109,109,blue != red + green
110,110,blue != red + purple
111,111,blue != red + yellow
112,112,blue != green + purple
113,113,blue != green + yellow
114,114,blue != purple + yellow
115,115,blue != red + green + purple
116,116,blue != red + green + yellow
117,117,blue != red + purple + yellow
118,118,blue != green + purple + yellow
119,119,blue != red + green + purple + yellow
120,120,blue < 10
121,121,blue < 20
122,122,blue < 30
123,123,blue < 40
124,124,blue < 50
125,125,blue < red
126,126,blue < green
127,127,blue < purple
128,128,blue < yellow
129,129,blue < red + green
130,130,blue < red + purple
131,131,blue < red + yellow
132,132,blue < green + purple
133,133,blue < green + yellow
134,134,blue < purple + yellow
135,135,blue < red + green + purple
136,136,blue < red + green + yellow
137,137,blue < red + purple + yellow
138,138,blue < green + purple + yellow
139,139,blue < red + green + purple + yellow
140,140,blue > 10
141,141,blue > 20
142,142,blue > 30
143,143,blue > 40
144,144,blue > 50
145,145,blue > red
146,146,blue > green
147,147,blue > purple
148,148,blue > yellow
149,149,blue > red + green
150,150,blue > red + purple
151,151,blue > red + yellow
152,152,blue > green + purple
153,153,blue > green + yellow
154,154,blue > purple + yellow
155,155,blue > red + green + purple
156,156,blue > red + green + yellow
157,157,blue > red + purple + yellow
158,158,blue > green + purple + yellow
159,159,blue > red + green + purple + yellow
160,160,green = 10
161,161,green = 20
162,162,green = 30
163,163,green = 40
164,164,green = 50
165,165,green = red
166,166,green = blue
167,167,green = purple
168,168,green = yellow
169,169,green = red + blue
170,170,green = red + purple
171,171,green = red + yellow
172,172,green = blue + purple
173,173,green = blue + yellow
174,174,green = purple + yellow
175,175,green = red + blue + purple
176,176,green = red + blue + yellow
177,177,green = red + purple + yellow
178,178,green = blue + purple + yellow
179,179,green = red + blue + purple + yellow
180,180,green != 10
181,181,green != 20
182,182,green != 30
183,183,green != 40
184,184,green != 50
185,185,green != red
186,186,green != blue
187,187,green != purple
188,188,green != yellow
189,189,green != red + blue
190,190,green != red + purple
191,191,green != red + yellow
192,192,green != blue + purple
193,193,green != blue + yellow
194,194,green != purple + yellow
195,195,green != red + blue + purple
196,196,green != red + blue + yellow
197,197,green != red + purple + yellow
198,198,green != blue + purple + yellow
199,199,green != red + blue + purple + yellow
200,200,green < 10
201,201,green < 20
202,202,green < 30
203,203,green < 40
204,204,green < 50
205,205,green < red
206,206,green < blue
207,207,green < purple
208,208,green < yellow
209,209,green < red + blue
210,210,green < red + purple
211,211,green < red + yellow
212,212,green < blue + purple
213,213,green < blue + yellow
214,214,green < purple + yellow
215,215,green < red + blue + purple
216,216,green < red + blue + yellow
217,217,green < red + purple + yellow
218,218,green < blue + purple + yellow
219,219,green < red + blue + purple + yellow
220,220,green > 10
221,221,green > 20
222,222,green > 30
223,223,green > 40
224,224,green > 50
225,225,green > red
226,226,green > blue
227,227,green > purple
228,228,green > yellow
229,229,green > red + blue
230,230,green > red + purple
231,231,green > red + yellow
232,232,green > blue + purple
233,233,green > blue + yellow
234,234,green > purple + yellow
235,235,green > red + blue + purple
236,236,green > red + blue + yellow
237,237,green > red + purple + yellow
238,238,green > blue + purple + yellow
239,239,green > red + blue + purple + yellow
240,240,purple = 10
241,241,purple = 20
242,242,purple = 30
243,243,purple = 40
244,244,purple = 50
245,245,purple = red
246,246,purple = blue
247,247,purple = green
248,248,purple = yellow
249,249,purple = red + blue
250,250,purple = red + green
251,251,purple = red + yellow
252,252,purple = blue + green
253,253,purple = blue + yellow
254,254,purple = green + yellow
255,255,purple = red + blue + green
256,256,purple = red + blue + yellow
257,257,purple = red + green + yellow
258,258,purple = blue + green + yellow
259,259,purple = red + blue + green + yellow
260,260,purple != 10
261,261,purple != 20
262,262,purple != 30
263,263,purple != 40
264,264,purple != 50
265,265,purple != red
266,266,purple != blue
267,267,purple != green
268,268,purple != yellow
269,269,purple != red + blue
270,270,purple != red + green
271,271,purple != red + yellow
272,272,purple != blue + green
273,273,purple != blue + yellow
274,274,purple != green + yellow
275,275,purple != red + blue + green
276,276,purple != red + blue + yellow
277,277,purple != red + green + yellow
278,278,purple != blue + green + yellow
279,279,purple != red + blue + green + yellow
280,280,purple < 10
281,281,purple < 20
282,282,purple < 30
283,283,purple < 40
284,284,purple < 50
285,285,purple < red
286,286,purple < blue
287,287,purple < green
288,288,purple < yellow
289,289,purple < red + blue
290,290,purple < red + green
291,291,purple < red + yellow
292,292,purple < blue + green
293,293,purple < blue + yellow
294,294,purple < green + yellow
295,295,purple < red + blue + green
296,296,purple < red + blue + yellow
297,297,purple < red + green + yellow
298,298,purple < blue + green + yellow
299,299,purple < red + blue + green + yellow
300,300,purple > 10
301,301,purple > 20
302,302,purple > 30
303,303,purple > 40
304,304,purple > 50
305,305,purple > red
306,306,purple > blue
307,307,purple > green
308,308,purple > yellow
309,309,purple > red + blue
310,310,purple > red + green
311,311,purple > red + yellow
312,312,purple > blue + green
313,313,purple > blue + yellow
314,314,purple > green + yellow
315,315,purple > red + blue + green
316,316,purple > red + blue + yellow
317,317,purple > red + green + yellow
318,318,purple > blue + green + yellow
319,319,purple > red + blue + green + yellow
320,320,yellow = 10
321,321,yellow = 20
322,322,yellow = 30
323,323,yellow = 40
324,324,yellow = 50
325,325,yellow = red
326,326,yellow = blue
327,327,yellow = green
328,328,yellow = purple
329,329,yellow = red + blue
330,330,yellow = red + green
331,331,yellow = red + purple
332,332,yellow = blue + green
333,333,yellow = blue + purple
334,334,yellow = green + purple
335,335,yellow = red + blue + green
336,336,yellow = red + blue + purple
337,337,yellow = red + green + purple
338,338,yellow = blue + green + purple
339,339,yellow = red + blue + green + purple
340,340,yellow != 10
341,341,yellow != 20
342,342,yellow != 30
343,343,yellow != 40
344,344,yellow != 50
345,345,yellow != red
346,346,yellow != blue
347,347,yellow != green
348,348,yellow != purple
349,349,yellow != red + blue
350,350,yellow != red + green
351,351,yellow != red + purple
352,352,yellow != blue + green
353,353,yellow != blue + purple
354,354,yellow != green + purple
355,355,yellow != red + blue + green
356,356,yellow != red + blue + purple
357,357,yellow != red + green + purple
358,358,yellow != blue + green + purple
359,359,yellow != red + blue + green + purple
360,360,yellow < 10
361,361,yellow < 20
362,362,yellow < 30
363,363,yellow < 40
364,364,yellow < 50
365,365,yellow < red
366,366,yellow < blue
367,367,yellow < green
368,368,yellow < purple
369,369,yellow < red + blue
370,370,yellow < red + green
371,371,yellow < red + purple
372,372,yellow < blue + green
373,373,yellow < blue + purple
374,374,yellow < green + purple
375,375,yellow < red + blue + green
376,376,yellow < red + blue + purple
377,377,yellow < red + green + purple
378,378,yellow < blue + green + purple
379,379,yellow < red + blue + green + purple
380,380,yellow > 10
381,381,yellow > 20
382,382,yellow > 30
383,383,yellow > 40
384,384,yellow > 50
385,385,yellow > red
386,386,yellow > blue
387,387,yellow > green
388,388,yellow > purple
389,389,yellow > red + blue
390,390,yellow > red + green
391,391,yellow > red + purple
392,392,yellow > blue + green
393,393,yellow > blue + purple
394,394,yellow > green + purple
395,395,yellow > red + blue + green
396,396,yellow > red + blue + purple
397,397,yellow > red + green + purple
398,398,yellow > blue + green + purple
399,399,yellow > red + blue + green + purple
400,400,"red = 10 , blue = 10 , green = 10"
401,401,"red = 10 , blue = 10 , green = 20"
402,402,"red = 10 , blue = 10 , green = 30"
403,403,"red = 10 , blue = 10 , green = 40"
404,404,"red = 10 , blue = 10 , green = 50"
405,405,"red = 10 , blue = 10 , purple = 10"
406,406,"red = 10 , blue = 10 , purple = 20"
407,407,"red = 10 , blue = 10 , purple = 30"
408,408,"red = 10 , blue = 10 , purple = 40"
409,409,"red = 10 , blue = 10 , purple = 50"
410,410,"red = 10 , blue = 10 , yellow = 10"
411,411,"red = 10 , blue = 10 , yellow = 20"
412,412,"red = 10 , blue = 10 , yellow = 30"
413,413,"red = 10 , blue = 10 , yellow = 40"
414,414,"red = 10 , blue = 10 , yellow = 50"
415,415,"red = 10 , blue = 20 , green = 10"
416,416,"red = 10 , blue = 20 , green = 20"
417,417,"red = 10 , blue = 20 , green = 30"
418,418,"red = 10 , blue = 20 , green = 40"
419,419,"red = 10 , blue = 20 , green = 50"
420,420,"red = 10 , blue = 20 , purple = 10"
421,421,"red = 10 , blue = 20 , purple = 20"
422,422,"red = 10 , blue = 20 , purple = 30"
423,423,"red = 10 , blue = 20 , purple = 40"
424,424,"red = 10 , blue = 20 , purple = 50"
425,425,"red = 10 , blue = 20 , yellow = 10"
426,426,"red = 10 , blue = 20 , yellow = 20"
427,427,"red = 10 , blue = 20 , yellow = 30"
428,428,"red = 10 , blue = 20 , yellow = 40"
429,429,"red = 10 , blue = 20 , yellow = 50"
430,430,"red = 10 , blue = 30 , green = 10"
431,431,"red = 10 , blue = 30 , green = 20"
432,432,"red = 10 , blue = 30 , green = 30"
433,433,"red = 10 , blue = 30 , green = 40"
434,434,"red = 10 , blue = 30 , green = 50"
435,435,"red = 10 , blue = 30 , purple = 10"
436,436,"red = 10 , blue = 30 , purple = 20"
437,437,"red = 10 , blue = 30 , purple = 30"
438,438,"red = 10 , blue = 30 , purple = 40"
439,439,"red = 10 , blue = 30 , purple = 50"
440,440,"red = 10 , blue = 30 , yellow = 10"
441,441,"red = 10 , blue = 30 , yellow = 20"
442,442,"red = 10 , blue = 30 , yellow = 30"
443,443,"red = 10 , blue = 30 , yellow = 40"
444,444,"red = 10 , blue = 30 , yellow = 50"
445,445,"red = 10 , blue = 40 , green = 10"
446,446,"red = 10 , blue = 40 , green = 20"
447,447,"red = 10 , blue = 40 , green = 30"
448,448,"red = 10 , blue = 40 , green = 40"
449,449,"red = 10 , blue = 40 , green = 50"
450,450,"red = 10 , blue = 40 , purple = 10"
451,451,"red = 10 , blue = 40 , purple = 20"
452,452,"red = 10 , blue = 40 , purple = 30"
453,453,"red = 10 , blue = 40 , purple = 40"
454,454,"red = 10 , blue = 40 , purple = 50"
455,455,"red = 10 , blue = 40 , yellow = 10"
456,456,"red = 10 , blue = 40 , yellow = 20"
457,457,"red = 10 , blue = 40 , yellow = 30"
458,458,"red = 10 , blue = 40 , yellow = 40"
459,459,"red = 10 , blue = 40 , yellow = 50"
460,460,"red = 10 , blue = 50 , green = 10"
461,461,"red = 10 , blue = 50 , green = 20"
462,462,"red = 10 , blue = 50 , green = 30"
463,463,"red = 10 , blue = 50 , green = 40"
464,464,"red = 10 , blue = 50 , green = 50"
465,465,"red = 10 , blue = 50 , purple = 10"
466,466,"red = 10 , blue = 50 , purple = 20"
467,467,"red = 10 , blue = 50 , purple = 30"
468,468,"red = 10 , blue = 50 , purple = 40"
469,469,"red = 10 , blue = 50 , purple = 50"
470,470,"red = 10 , blue = 50 , yellow = 10"
471,471,"red = 10 , blue = 50 , yellow = 20"
472,472,"red = 10 , blue = 50 , yellow = 30"
473,473,"red = 10 , blue = 50 , yellow = 40"
474,474,"red = 10 , blue = 50 , yellow = 50"
475,475,"red = 10 , green = 10 , purple = 10"
476,476,"red = 10 , green = 10 , purple = 20"
477,477,"red = 10 , green = 10 , purple = 30"
478,478,"red = 10 , green = 10 , purple = 40"
479,479,"red = 10 , green = 10 , purple = 50"
480,480,"red = 10 , green = 10 , yellow = 10"
481,481,"red = 10 , green = 10 , yellow = 20"
482,482,"red = 10 , green = 10 , yellow = 30"
483,483,"red = 10 , green = 10 , yellow = 40"
484,484,"red = 10 , green = 10 , yellow = 50"
485,485,"red = 10 , green = 20 , purple = 10"
486,486,"red = 10 , green = 20 , purple = 20"
487,487,"red = 10 , green = 20 , purple = 30"
488,488,"red = 10 , green = 20 , purple = 40"
489,489,"red = 10 , green = 20 , purple = 50"
490,490,"red = 10 , green = 20 , yellow = 10"
491,491,"red = 10 , green = 20 , yellow = 20"
492,492,"red = 10 , green = 20 , yellow = 30"
493,493,"red = 10 , green = 20 , yellow = 40"
494,494,"red = 10 , green = 20 , yellow = 50"
495,495,"red = 10 , green = 30 , purple = 10"
496,496,"red = 10 , green = 30 , purple = 20"
497,497,"red = 10 , green = 30 , purple = 30"
498,498,"red = 10 , green = 30 , purple = 40"
499,499,"red = 10 , green = 30 , purple = 50"
500,500,"red = 10 , green = 30 , yellow = 10"
501,501,"red = 10 , green = 30 , yellow = 20"
502,502,"red = 10 , green = 30 , yellow = 30"
503,503,"red = 10 , green = 30 , yellow = 40"
504,504,"red = 10 , green = 30 , yellow = 50"
505,505,"red = 10 , green = 40 , purple = 10"
506,506,"red = 10 , green = 40 , purple = 20"
507,507,"red = 10 , green = 40 , purple = 30"
508,508,"red = 10 , green = 40 , purple = 40"
509,509,"red = 10 , green = 40 , purple = 50"
510,510,"red = 10 , green = 40 , yellow = 10"
511,511,"red = 10 , green = 40 , yellow = 20"
512,512,"red = 10 , green = 40 , yellow = 30"
513,513,"red = 10 , green = 40 , yellow = 40"
514,514,"red = 10 , green = 40 , yellow = 50"
515,515,"red = 10 , green = 50 , purple = 10"
516,516,"red = 10 , green = 50 , purple = 20"
517,517,"red = 10 , green = 50 , purple = 30"
518,518,"red = 10 , green = 50 , purple = 40"
519,519,"red = 10 , green = 50 , purple = 50"
520,520,"red = 10 , green = 50 , yellow = 10"
521,521,"red = 10 , green = 50 , yellow = 20"
522,522,"red = 10 , green = 50 , yellow = 30"
523,523,"red = 10 , green = 50 , yellow = 40"
524,524,"red = 10 , green = 50 , yellow = 50"
525,525,"red = 10 , purple = 10 , yellow = 10"
526,526,"red = 10 , purple = 10 , yellow = 20"
527,527,"red = 10 , purple = 10 , yellow = 30"
528,528,"red = 10 , purple = 10 , yellow = 40"
529,529,"red = 10 , purple = 10 , yellow = 50"
530,530,"red = 10 , purple = 20 , yellow = 10"
531,531,"red = 10 , purple = 20 , yellow = 20"
532,532,"red = 10 , purple = 20 , yellow = 30"
533,533,"red = 10 , purple = 20 , yellow = 40"
534,534,"red = 10 , purple = 20 , yellow = 50"
535,535,"red = 10 , purple = 30 , yellow = 10"
536,536,"red = 10 , purple = 30 , yellow = 20"
537,537,"red = 10 , purple = 30 , yellow = 30"
538,538,"red = 10 , purple = 30 , yellow = 40"
539,539,"red = 10 , purple = 30 , yellow = 50"
540,540,"red = 10 , purple = 40 , yellow = 10"
541,541,"red = 10 , purple = 40 , yellow = 20"
542,542,"red = 10 , purple = 40 , yellow = 30"
543,543,"red = 10 , purple = 40 , yellow = 40"
544,544,"red = 10 , purple = 40 , yellow = 50"
545,545,"red = 10 , purple = 50 , yellow = 10"
546,546,"red = 10 , purple = 50 , yellow = 20"
547,547,"red = 10 , purple = 50 , yellow = 30"
548,548,"red = 10 , purple = 50 , yellow = 40"
549,549,"red = 10 , purple = 50 , yellow = 50"
550,550,"red = 20 , blue = 10 , green = 10"
551,551,"red = 20 , blue = 10 , green = 20"
552,552,"red = 20 , blue = 10 , green = 30"
553,553,"red = 20 , blue = 10 , green = 40"
554,554,"red = 20 , blue = 10 , green = 50"
555,555,"red = 20 , blue = 10 , purple = 10"
556,556,"red = 20 , blue = 10 , purple = 20"
557,557,"red = 20 , blue = 10 , purple = 30"
558,558,"red = 20 , blue = 10 , purple = 40"
559,559,"red = 20 , blue = 10 , purple = 50"
560,560,"red = 20 , blue = 10 , yellow = 10"
561,561,"red = 20 , blue = 10 , yellow = 20"
562,562,"red = 20 , blue = 10 , yellow = 30"
563,563,"red = 20 , blue = 10 , yellow = 40"
564,564,"red = 20 , blue = 10 , yellow = 50"
565,565,"red = 20 , blue = 20 , green = 10"
566,566,"red = 20 , blue = 20 , green = 20"
567,567,"red = 20 , blue = 20 , green = 30"
568,568,"red = 20 , blue = 20 , green = 40"
569,569,"red = 20 , blue = 20 , green = 50"
570,570,"red = 20 , blue = 20 , purple = 10"
571,571,"red = 20 , blue = 20 , purple = 20"
572,572,"red = 20 , blue = 20 , purple = 30"
573,573,"red = 20 , blue = 20 , purple = 40"
574,574,"red = 20 , blue = 20 , purple = 50"
575,575,"red = 20 , blue = 20 , yellow = 10"
576,576,"red = 20 , blue = 20 , yellow = 20"
577,577,"red = 20 , blue = 20 , yellow = 30"
578,578,"red = 20 , blue = 20 , yellow = 40"
579,579,"red = 20 , blue = 20 , yellow = 50"
580,580,"red = 20 , blue = 30 , green = 10"
581,581,"red = 20 , blue = 30 , green = 20"
582,582,"red = 20 , blue = 30 , green = 30"
583,583,"red = 20 , blue = 30 , green = 40"
584,584,"red = 20 , blue = 30 , green = 50"
585,585,"red = 20 , blue = 30 , purple = 10"
586,586,"red = 20 , blue = 30 , purple = 20"
587,587,"red = 20 , blue = 30 , purple = 30"
588,588,"red = 20 , blue = 30 , purple = 40"
589,589,"red = 20 , blue = 30 , purple = 50"
590,590,"red = 20 , blue = 30 , yellow = 10"
591,591,"red = 20 , blue = 30 , yellow = 20"
592,592,"red = 20 , blue = 30 , yellow = 30"
593,593,"red = 20 , blue = 30 , yellow = 40"
594,594,"red = 20 , blue = 30 , yellow = 50"
595,595,"red = 20 , blue = 40 , green = 10"
596,596,"red = 20 , blue = 40 , green = 20"
597,597,"red = 20 , blue = 40 , green = 30"
598,598,"red = 20 , blue = 40 , green = 40"
599,599,"red = 20 , blue = 40 , green = 50"
600,600,"red = 20 , blue = 40 , purple = 10"
601,601,"red = 20 , blue = 40 , purple = 20"
602,602,"red = 20 , blue = 40 , purple = 30"
603,603,"red = 20 , blue = 40 , purple = 40"
604,604,"red = 20 , blue = 40 , purple = 50"
605,605,"red = 20 , blue = 40 , yellow = 10"
606,606,"red = 20 , blue = 40 , yellow = 20"
607,607,"red = 20 , blue = 40 , yellow = 30"
608,608,"red = 20 , blue = 40 , yellow = 40"
609,609,"red = 20 , blue = 40 , yellow = 50"
610,610,"red = 20 , blue = 50 , green = 10"
611,611,"red = 20 , blue = 50 , green = 20"
612,612,"red = 20 , blue = 50 , green = 30"
613,613,"red = 20 , blue = 50 , green = 40"
614,614,"red = 20 , blue = 50 , green = 50"
615,615,"red = 20 , blue = 50 , purple = 10"
616,616,"red = 20 , blue = 50 , purple = 20"
617,617,"red = 20 , blue = 50 , purple = 30"
618,618,"red = 20 , blue = 50 , purple = 40"
619,619,"red = 20 , blue = 50 , purple = 50"
620,620,"red = 20 , blue = 50 , yellow = 10"
621,621,"red = 20 , blue = 50 , yellow = 20"
622,622,"red = 20 , blue = 50 , yellow = 30"
623,623,"red = 20 , blue = 50 , yellow = 40"
624,624,"red = 20 , blue = 50 , yellow = 50"
625,625,"red = 20 , green = 10 , purple = 10"
626,626,"red = 20 , green = 10 , purple = 20"
627,627,"red = 20 , green = 10 , purple = 30"
628,628,"red = 20 , green = 10 , purple = 40"
629,629,"red = 20 , green = 10 , purple = 50"
630,630,"red = 20 , green = 10 , yellow = 10"
631,631,"red = 20 , green = 10 , yellow = 20"
632,632,"red = 20 , green = 10 , yellow = 30"
633,633,"red = 20 , green = 10 , yellow = 40"
634,634,"red = 20 , green = 10 , yellow = 50"
635,635,"red = 20 , green = 20 , purple = 10"
636,636,"red = 20 , green = 20 , purple = 20"
637,637,"red = 20 , green = 20 , purple = 30"
638,638,"red = 20 , green = 20 , purple = 40"
639,639,"red = 20 , green = 20 , purple = 50"
640,640,"red = 20 , green = 20 , yellow = 10"
641,641,"red = 20 , green = 20 , yellow = 20"
642,642,"red = 20 , green = 20 , yellow = 30"
643,643,"red = 20 , green = 20 , yellow = 40"
644,644,"red = 20 , green = 20 , yellow = 50"
645,645,"red = 20 , green = 30 , purple = 10"
646,646,"red = 20 , green = 30 , purple = 20"
647,647,"red = 20 , green = 30 , purple = 30"
648,648,"red = 20 , green = 30 , purple = 40"
649,649,"red = 20 , green = 30 , purple = 50"
650,650,"red = 20 , green = 30 , yellow = 10"
651,651,"red = 20 , green = 30 , yellow = 20"
652,652,"red = 20 , green = 30 , yellow = 30"
653,653,"red = 20 , green = 30 , yellow = 40"
654,654,"red = 20 , green = 30 , yellow = 50"
655,655,"red = 20 , green = 40 , purple = 10"
656,656,"red = 20 , green = 40 , purple = 20"
657,657,"red = 20 , green = 40 , purple = 30"
658,658,"red = 20 , green = 40 , purple = 40"
659,659,"red = 20 , green = 40 , purple = 50"
660,660,"red = 20 , green = 40 , yellow = 10"
661,661,"red = 20 , green = 40 , yellow = 20"
662,662,"red = 20 , green = 40 , yellow = 30"
663,663,"red = 20 , green = 40 , yellow = 40"
664,664,"red = 20 , green = 40 , yellow = 50"
665,665,"red = 20 , green = 50 , purple = 10"
666,666,"red = 20 , green = 50 , purple = 20"
667,667,"red = 20 , green = 50 , purple = 30"
668,668,"red = 20 , green = 50 , purple = 40"
669,669,"red = 20 , green = 50 , purple = 50"
670,670,"red = 20 , green = 50 , yellow = 10"
671,671,"red = 20 , green = 50 , yellow = 20"
672,672,"red = 20 , green = 50 , yellow = 30"
673,673,"red = 20 , green = 50 , yellow = 40"
674,674,"red = 20 , green = 50 , yellow = 50"
675,675,"red = 20 , purple = 10 , yellow = 10"
676,676,"red = 20 , purple = 10 , yellow = 20"
677,677,"red = 20 , purple = 10 , yellow = 30"
678,678,"red = 20 , purple = 10 , yellow = 40"
679,679,"red = 20 , purple = 10 , yellow = 50"
680,680,"red = 20 , purple = 20 , yellow = 10"
681,681,"red = 20 , purple = 20 , yellow = 20"
682,682,"red = 20 , purple = 20 , yellow = 30"
683,683,"red = 20 , purple = 20 , yellow = 40"
684,684,"red = 20 , purple = 20 , yellow = 50"
685,685,"red = 20 , purple = 30 , yellow = 10"
686,686,"red = 20 , purple = 30 , yellow = 20"
687,687,"red = 20 , purple = 30 , yellow = 30"
688,688,"red = 20 , purple = 30 , yellow = 40"
689,689,"red = 20 , purple = 30 , yellow = 50"
690,690,"red = 20 , purple = 40 , yellow = 10"
691,691,"red = 20 , purple = 40 , yellow = 20"
692,692,"red = 20 , purple = 40 , yellow = 30"
693,693,"red = 20 , purple = 40 , yellow = 40"
694,694,"red = 20 , purple = 40 , yellow = 50"
695,695,"red = 20 , purple = 50 , yellow = 10"
696,696,"red = 20 , purple = 50 , yellow = 20"
697,697,"red = 20 , purple = 50 , yellow = 30"
698,698,"red = 20 , purple = 50 , yellow = 40"
699,699,"red = 20 , purple = 50 , yellow = 50"
700,700,"red = 30 , blue = 10 , green = 10"
701,701,"red = 30 , blue = 10 , green = 20"
702,702,"red = 30 , blue = 10 , green = 30"
703,703,"red = 30 , blue = 10 , green = 40"
704,704,"red = 30 , blue = 10 , green = 50"
705,705,"red = 30 , blue = 10 , purple = 10"
706,706,"red = 30 , blue = 10 , purple = 20"
707,707,"red = 30 , blue = 10 , purple = 30"
708,708,"red = 30 , blue = 10 , purple = 40"
709,709,"red = 30 , blue = 10 , purple = 50"
710,710,"red = 30 , blue = 10 , yellow = 10"
711,711,"red = 30 , blue = 10 , yellow = 20"
712,712,"red = 30 , blue = 10 , yellow = 30"
713,713,"red = 30 , blue = 10 , yellow = 40"
714,714,"red = 30 , blue = 10 , yellow = 50"
715,715,"red = 30 , blue = 20 , green = 10"
716,716,"red = 30 , blue = 20 , green = 20"
717,717,"red = 30 , blue = 20 , green = 30"
718,718,"red = 30 , blue = 20 , green = 40"
719,719,"red = 30 , blue = 20 , green = 50"
720,720,"red = 30 , blue = 20 , purple = 10"
721,721,"red = 30 , blue = 20 , purple = 20"
722,722,"red = 30 , blue = 20 , purple = 30"
723,723,"red = 30 , blue = 20 , purple = 40"
724,724,"red = 30 , blue = 20 , purple = 50"
725,725,"red = 30 , blue = 20 , yellow = 10"
726,726,"red = 30 , blue = 20 , yellow = 20"
727,727,"red = 30 , blue = 20 , yellow = 30"
728,728,"red = 30 , blue = 20 , yellow = 40"
729,729,"red = 30 , blue = 20 , yellow = 50"
730,730,"red = 30 , blue = 30 , green = 10"
731,731,"red = 30 , blue = 30 , green = 20"
732,732,"red = 30 , blue = 30 , green = 30"
733,733,"red = 30 , blue = 30 , green = 40"
734,734,"red = 30 , blue = 30 , green = 50"
735,735,"red = 30 , blue = 30 , purple = 10"
736,736,"red = 30 , blue = 30 , purple = 20"
737,737,"red = 30 , blue = 30 , purple = 30"
738,738,"red = 30 , blue = 30 , purple = 40"
739,739,"red = 30 , blue = 30 , purple = 50"
740,740,"red = 30 , blue = 30 , yellow = 10"
741,741,"red = 30 , blue = 30 , yellow = 20"
742,742,"red = 30 , blue = 30 , yellow = 30"
743,743,"red = 30 , blue = 30 , yellow = 40"
744,744,"red = 30 , blue = 30 , yellow = 50"
745,745,"red = 30 , blue = 40 , green = 10"
746,746,"red = 30 , blue = 40 , green = 20"
747,747,"red = 30 , blue = 40 , green = 30"
748,748,"red = 30 , blue = 40 , green = 40"
749,749,"red = 30 , blue = 40 , green = 50"
750,750,"red = 30 , blue = 40 , purple = 10"
751,751,"red = 30 , blue = 40 , purple = 20"
752,752,"red = 30 , blue = 40 , purple = 30"
753,753,"red = 30 , blue = 40 , purple = 40"
754,754,"red = 30 , blue = 40 , purple = 50"
755,755,"red = 30 , blue = 40 , yellow = 10"
756,756,"red = 30 , blue = 40 , yellow = 20"
757,757,"red = 30 , blue = 40 , yellow = 30"
758,758,"red = 30 , blue = 40 , yellow = 40"
759,759,"red = 30 , blue = 40 , yellow = 50"
760,760,"red = 30 , blue = 50 , green = 10"
761,761,"red = 30 , blue = 50 , green = 20"
762,762,"red = 30 , blue = 50 , green = 30"
763,763,"red = 30 , blue = 50 , green = 40"
764,764,"red = 30 , blue = 50 , green = 50"
765,765,"red = 30 , blue = 50 , purple = 10"
766,766,"red = 30 , blue = 50 , purple = 20"
767,767,"red = 30 , blue = 50 , purple = 30"
768,768,"red = 30 , blue = 50 , purple = 40"
769,769,"red = 30 , blue = 50 , purple = 50"
770,770,"red = 30 , blue = 50 , yellow = 10"
771,771,"red = 30 , blue = 50 , yellow = 20"
772,772,"red = 30 , blue = 50 , yellow = 30"
773,773,"red = 30 , blue = 50 , yellow = 40"
774,774,"red = 30 , blue = 50 , yellow = 50"
775,775,"red = 30 , green = 10 , purple = 10"
776,776,"red = 30 , green = 10 , purple = 20"
777,777,"red = 30 , green = 10 , purple = 30"
778,778,"red = 30 , green = 10 , purple = 40"
779,779,"red = 30 , green = 10 , purple = 50"
780,780,"red = 30 , green = 10 , yellow = 10"
781,781,"red = 30 , green = 10 , yellow = 20"
782,782,"red = 30 , green = 10 , yellow = 30"
783,783,"red = 30 , green = 10 , yellow = 40"
784,784,"red = 30 , green = 10 , yellow = 50"
785,785,"red = 30 , green = 20 , purple = 10"
786,786,"red = 30 , green = 20 , purple = 20"
787,787,"red = 30 , green = 20 , purple = 30"
788,788,"red = 30 , green = 20 , purple = 40"
789,789,"red = 30 , green = 20 , purple = 50"
790,790,"red = 30 , green = 20 , yellow = 10"
791,791,"red = 30 , green = 20 , yellow = 20"
792,792,"red = 30 , green = 20 , yellow = 30"
793,793,"red = 30 , green = 20 , yellow = 40"
794,794,"red = 30 , green = 20 , yellow = 50"
795,795,"red = 30 , green = 30 , purple = 10"
796,796,"red = 30 , green = 30 , purple = 20"
797,797,"red = 30 , green = 30 , purple = 30"
798,798,"red = 30 , green = 30 , purple = 40"
799,799,"red = 30 , green = 30 , purple = 50"
800,800,"red = 30 , green = 30 , yellow = 10"
801,801,"red = 30 , green = 30 , yellow = 20"
802,802,"red = 30 , green = 30 , yellow = 30"
803,803,"red = 30 , green = 30 , yellow = 40"
804,804,"red = 30 , green = 30 , yellow = 50"
805,805,"red = 30 , green = 40 , purple = 10"
806,806,"red = 30 , green = 40 , purple = 20"
807,807,"red = 30 , green = 40 , purple = 30"
808,808,"red = 30 , green = 40 , purple = 40"
809,809,"red = 30 , green = 40 , purple = 50"
810,810,"red = 30 , green = 40 , yellow = 10"
811,811,"red = 30 , green = 40 , yellow = 20"
812,812,"red = 30 , green = 40 , yellow = 30"
813,813,"red = 30 , green = 40 , yellow = 40"
814,814,"red = 30 , green = 40 , yellow = 50"
815,815,"red = 30 , green = 50 , purple = 10"
816,816,"red = 30 , green = 50 , purple = 20"
817,817,"red = 30 , green = 50 , purple = 30"
818,818,"red = 30 , green = 50 , purple = 40"
819,819,"red = 30 , green = 50 , purple = 50"
820,820,"red = 30 , green = 50 , yellow = 10"
821,821,"red = 30 , green = 50 , yellow = 20"
822,822,"red = 30 , green = 50 , yellow = 30"
823,823,"red = 30 , green = 50 , yellow = 40"
824,824,"red = 30 , green = 50 , yellow = 50"
825,825,"red = 30 , purple = 10 , yellow = 10"
826,826,"red = 30 , purple = 10 , yellow = 20"
827,827,"red = 30 , purple = 10 , yellow = 30"
828,828,"red = 30 , purple = 10 , yellow = 40"
829,829,"red = 30 , purple = 10 , yellow = 50"
830,830,"red = 30 , purple = 20 , yellow = 10"
831,831,"red = 30 , purple = 20 , yellow = 20"
832,832,"red = 30 , purple = 20 , yellow = 30"
833,833,"red = 30 , purple = 20 , yellow = 40"
834,834,"red = 30 , purple = 20 , yellow = 50"
835,835,"red = 30 , purple = 30 , yellow = 10"
836,836,"red = 30 , purple = 30 , yellow = 20"
837,837,"red = 30 , purple = 30 , yellow = 30"
838,838,"red = 30 , purple = 30 , yellow = 40"
839,839,"red = 30 , purple = 30 , yellow = 50"
840,840,"red = 30 , purple = 40 , yellow = 10"
841,841,"red = 30 , purple = 40 , yellow = 20"
842,842,"red = 30 , purple = 40 , yellow = 30"
843,843,"red = 30 , purple = 40 , yellow = 40"
844,844,"red = 30 , purple = 40 , yellow = 50"
845,845,"red = 30 , purple = 50 , yellow = 10"
846,846,"red = 30 , purple = 50 , yellow = 20"
847,847,"red = 30 , purple = 50 , yellow = 30"
848,848,"red = 30 , purple = 50 , yellow = 40"
849,849,"red = 30 , purple = 50 , yellow = 50"
850,850,"red = 40 , blue = 10 , green = 10"
851,851,"red = 40 , blue = 10 , green = 20"
852,852,"red = 40 , blue = 10 , green = 30"
853,853,"red = 40 , blue = 10 , green = 40"
854,854,"red = 40 , blue = 10 , green = 50"
855,855,"red = 40 , blue = 10 , purple = 10"
856,856,"red = 40 , blue = 10 , purple = 20"
857,857,"red = 40 , blue = 10 , purple = 30"
858,858,"red = 40 , blue = 10 , purple = 40"
859,859,"red = 40 , blue = 10 , purple = 50"
860,860,"red = 40 , blue = 10 , yellow = 10"
861,861,"red = 40 , blue = 10 , yellow = 20"
862,862,"red = 40 , blue = 10 , yellow = 30"
863,863,"red = 40 , blue = 10 , yellow = 40"
864,864,"red = 40 , blue = 10 , yellow = 50"
865,865,"red = 40 , blue = 20 , green = 10"
866,866,"red = 40 , blue = 20 , green = 20"
867,867,"red = 40 , blue = 20 , green = 30"
868,868,"red = 40 , blue = 20 , green = 40"
869,869,"red = 40 , blue = 20 , green = 50"
870,870,"red = 40 , blue = 20 , purple = 10"
871,871,"red = 40 , blue = 20 , purple = 20"
872,872,"red = 40 , blue = 20 , purple = 30"
873,873,"red = 40 , blue = 20 , purple = 40"
874,874,"red = 40 , blue = 20 , purple = 50"
875,875,"red = 40 , blue = 20 , yellow = 10"
876,876,"red = 40 , blue = 20 , yellow = 20"
877,877,"red = 40 , blue = 20 , yellow = 30"
878,878,"red = 40 , blue = 20 , yellow = 40"
879,879,"red = 40 , blue = 20 , yellow = 50"
880,880,"red = 40 , blue = 30 , green = 10"
881,881,"red = 40 , blue = 30 , green = 20"
882,882,"red = 40 , blue = 30 , green = 30"
883,883,"red = 40 , blue = 30 , green = 40"
884,884,"red = 40 , blue = 30 , green = 50"
885,885,"red = 40 , blue = 30 , purple = 10"
886,886,"red = 40 , blue = 30 , purple = 20"
887,887,"red = 40 , blue = 30 , purple = 30"
888,888,"red = 40 , blue = 30 , purple = 40"
889,889,"red = 40 , blue = 30 , purple = 50"
890,890,"red = 40 , blue = 30 , yellow = 10"
891,891,"red = 40 , blue = 30 , yellow = 20"
892,892,"red = 40 , blue = 30 , yellow = 30"
893,893,"red = 40 , blue = 30 , yellow = 40"
894,894,"red = 40 , blue = 30 , yellow = 50"
895,895,"red = 40 , blue = 40 , green = 10"
896,896,"red = 40 , blue = 40 , green = 20"
897,897,"red = 40 , blue = 40 , green = 30"
898,898,"red = 40 , blue = 40 , green = 40"
899,899,"red = 40 , blue = 40 , green = 50"
900,900,"red = 40 , blue = 40 , purple = 10"
901,901,"red = 40 , blue = 40 , purple = 20"
902,902,"red = 40 , blue = 40 , purple = 30"
903,903,"red = 40 , blue = 40 , purple = 40"
904,904,"red = 40 , blue = 40 , purple = 50"
905,905,"red = 40 , blue = 40 , yellow = 10"
906,906,"red = 40 , blue = 40 , yellow = 20"
907,907,"red = 40 , blue = 40 , yellow = 30"
908,908,"red = 40 , blue = 40 , yellow = 40"
909,909,"red = 40 , blue = 40 , yellow = 50"
910,910,"red = 40 , blue = 50 , green = 10"
911,911,"red = 40 , blue = 50 , green = 20"
912,912,"red = 40 , blue = 50 , green = 30"
913,913,"red = 40 , blue = 50 , green = 40"
914,914,"red = 40 , blue = 50 , green = 50"
915,915,"red = 40 , blue = 50 , purple = 10"
916,916,"red = 40 , blue = 50 , purple = 20"
917,917,"red = 40 , blue = 50 , purple = 30"
918,918,"red = 40 , blue = 50 , purple = 40"
919,919,"red = 40 , blue = 50 , purple = 50"
920,920,"red = 40 , blue = 50 , yellow = 10"
921,921,"red = 40 , blue = 50 , yellow = 20"
922,922,"red = 40 , blue = 50 , yellow = 30"
923,923,"red = 40 , blue = 50 , yellow = 40"
924,924,"red = 40 , blue = 50 , yellow = 50"
925,925,"red = 40 , green = 10 , purple = 10"
926,926,"red = 40 , green = 10 , purple = 20"
927,927,"red = 40 , green = 10 , purple = 30"
928,928,"red = 40 , green = 10 , purple = 40"
929,929,"red = 40 , green = 10 , purple = 50"
930,930,"red = 40 , green = 10 , yellow = 10"
931,931,"red = 40 , green = 10 , yellow = 20"
932,932,"red = 40 , green = 10 , yellow = 30"
933,933,"red = 40 , green = 10 , yellow = 40"
934,934,"red = 40 , green = 10 , yellow = 50"
935,935,"red = 40 , green = 20 , purple = 10"
936,936,"red = 40 , green = 20 , purple = 20"
937,937,"red = 40 , green = 20 , purple = 30"
938,938,"red = 40 , green = 20 , purple = 40"
939,939,"red = 40 , green = 20 , purple = 50"
940,940,"red = 40 , green = 20 , yellow = 10"
941,941,"red = 40 , green = 20 , yellow = 20"
942,942,"red = 40 , green = 20 , yellow = 30"
943,943,"red = 40 , green = 20 , yellow = 40"
944,944,"red = 40 , green = 20 , yellow = 50"
945,945,"red = 40 , green = 30 , purple = 10"
946,946,"red = 40 , green = 30 , purple = 20"
947,947,"red = 40 , green = 30 , purple = 30"
948,948,"red = 40 , green = 30 , purple = 40"
949,949,"red = 40 , green = 30 , purple = 50"
950,950,"red = 40 , green = 30 , yellow = 10"
951,951,"red = 40 , green = 30 , yellow = 20"
952,952,"red = 40 , green = 30 , yellow = 30"
953,953,"red = 40 , green = 30 , yellow = 40"
954,954,"red = 40 , green = 30 , yellow = 50"
955,955,"red = 40 , green = 40 , purple = 10"
956,956,"red = 40 , green = 40 , purple = 20"
957,957,"red = 40 , green = 40 , purple = 30"
958,958,"red = 40 , green = 40 , purple = 40"
959,959,"red = 40 , green = 40 , purple = 50"
960,960,"red = 40 , green = 40 , yellow = 10"
961,961,"red = 40 , green = 40 , yellow = 20"
962,962,"red = 40 , green = 40 , yellow = 30"
963,963,"red = 40 , green = 40 , yellow = 40"
964,964,"red = 40 , green = 40 , yellow = 50"
965,965,"red = 40 , green = 50 , purple = 10"
966,966,"red = 40 , green = 50 , purple = 20"
967,967,"red = 40 , green = 50 , purple = 30"
968,968,"red = 40 , green = 50 , purple = 40"
969,969,"red = 40 , green = 50 , purple = 50"
970,970,"red = 40 , green = 50 , yellow = 10"
971,971,"red = 40 , green = 50 , yellow = 20"
972,972,"red = 40 , green = 50 , yellow = 30"
973,973,"red = 40 , green = 50 , yellow = 40"
974,974,"red = 40 , green = 50 , yellow = 50"
975,975,"red = 40 , purple = 10 , yellow = 10"
976,976,"red = 40 , purple = 10 , yellow = 20"
977,977,"red = 40 , purple = 10 , yellow = 30"
978,978,"red = 40 , purple = 10 , yellow = 40"
979,979,"red = 40 , purple = 10 , yellow = 50"
980,980,"red = 40 , purple = 20 , yellow = 10"
981,981,"red = 40 , purple = 20 , yellow = 20"
982,982,"red = 40 , purple = 20 , yellow = 30"
983,983,"red = 40 , purple = 20 , yellow = 40"
984,984,"red = 40 , purple = 20 , yellow = 50"
985,985,"red = 40 , purple = 30 , yellow = 10"
986,986,"red = 40 , purple = 30 , yellow = 20"
987,987,"red = 40 , purple = 30 , yellow = 30"
988,988,"red = 40 , purple = 30 , yellow = 40"
989,989,"red = 40 , purple = 30 , yellow = 50"
990,990,"red = 40 , purple = 40 , yellow = 10"
991,991,"red = 40 , purple = 40 , yellow = 20"
992,992,"red = 40 , purple = 40 , yellow = 30"
993,993,"red = 40 , purple = 40 , yellow = 40"
994,994,"red = 40 , purple = 40 , yellow = 50"
995,995,"red = 40 , purple = 50 , yellow = 10"
996,996,"red = 40 , purple = 50 , yellow = 20"
997,997,"red = 40 , purple = 50 , yellow = 30"
998,998,"red = 40 , purple = 50 , yellow = 40"
999,999,"red = 40 , purple = 50 , yellow = 50"
1000,1000,"red = 50 , blue = 10 , green = 10"
1001,1001,"red = 50 , blue = 10 , green = 20"
1002,1002,"red = 50 , blue = 10 , green = 30"
1003,1003,"red = 50 , blue = 10 , green = 40"
1004,1004,"red = 50 , blue = 10 , green = 50"
1005,1005,"red = 50 , blue = 10 , purple = 10"
1006,1006,"red = 50 , blue = 10 , purple = 20"
1007,1007,"red = 50 , blue = 10 , purple = 30"
1008,1008,"red = 50 , blue = 10 , purple = 40"
1009,1009,"red = 50 , blue = 10 , purple = 50"
1010,1010,"red = 50 , blue = 10 , yellow = 10"
1011,1011,"red = 50 , blue = 10 , yellow = 20"
1012,1012,"red = 50 , blue = 10 , yellow = 30"
1013,1013,"red = 50 , blue = 10 , yellow = 40"
1014,1014,"red = 50 , blue = 10 , yellow = 50"
1015,1015,"red = 50 , blue = 20 , green = 10"
1016,1016,"red = 50 , blue = 20 , green = 20"
1017,1017,"red = 50 , blue = 20 , green = 30"
1018,1018,"red = 50 , blue = 20 , green = 40"
1019,1019,"red = 50 , blue = 20 , green = 50"
1020,1020,"red = 50 , blue = 20 , purple = 10"
1021,1021,"red = 50 , blue = 20 , purple = 20"
1022,1022,"red = 50 , blue = 20 , purple = 30"
1023,1023,"red = 50 , blue = 20 , purple = 40"
1024,1024,"red = 50 , blue = 20 , purple = 50"
1025,1025,"red = 50 , blue = 20 , yellow = 10"
1026,1026,"red = 50 , blue = 20 , yellow = 20"
1027,1027,"red = 50 , blue = 20 , yellow = 30"
1028,1028,"red = 50 , blue = 20 , yellow = 40"
1029,1029,"red = 50 , blue = 20 , yellow = 50"
1030,1030,"red = 50 , blue = 30 , green = 10"
1031,1031,"red = 50 , blue = 30 , green = 20"
1032,1032,"red = 50 , blue = 30 , green = 30"
1033,1033,"red = 50 , blue = 30 , green = 40"
1034,1034,"red = 50 , blue = 30 , green = 50"
1035,1035,"red = 50 , blue = 30 , purple = 10"
1036,1036,"red = 50 , blue = 30 , purple = 20"
1037,1037,"red = 50 , blue = 30 , purple = 30"
1038,1038,"red = 50 , blue = 30 , purple = 40"
1039,1039,"red = 50 , blue = 30 , purple = 50"
1040,1040,"red = 50 , blue = 30 , yellow = 10"
1041,1041,"red = 50 , blue = 30 , yellow = 20"
1042,1042,"red = 50 , blue = 30 , yellow = 30"
1043,1043,"red = 50 , blue = 30 , yellow = 40"
1044,1044,"red = 50 , blue = 30 , yellow = 50"
1045,1045,"red = 50 , blue = 40 , green = 10"
1046,1046,"red = 50 , blue = 40 , green = 20"
1047,1047,"red = 50 , blue = 40 , green = 30"
1048,1048,"red = 50 , blue = 40 , green = 40"
1049,1049,"red = 50 , blue = 40 , green = 50"
1050,1050,"red = 50 , blue = 40 , purple = 10"
1051,1051,"red = 50 , blue = 40 , purple = 20"
1052,1052,"red = 50 , blue = 40 , purple = 30"
1053,1053,"red = 50 , blue = 40 , purple = 40"
1054,1054,"red = 50 , blue = 40 , purple = 50"
1055,1055,"red = 50 , blue = 40 , yellow = 10"
1056,1056,"red = 50 , blue = 40 , yellow = 20"
1057,1057,"red = 50 , blue = 40 , yellow = 30"
1058,1058,"red = 50 , blue = 40 , yellow = 40"
1059,1059,"red = 50 , blue = 40 , yellow = 50"
1060,1060,"red = 50 , blue = 50 , green = 10"
1061,1061,"red = 50 , blue = 50 , green = 20"
1062,1062,"red = 50 , blue = 50 , green = 30"
1063,1063,"red = 50 , blue = 50 , green = 40"
1064,1064,"red = 50 , blue = 50 , green = 50"
1065,1065,"red = 50 , blue = 50 , purple = 10"
1066,1066,"red = 50 , blue = 50 , purple = 20"
1067,1067,"red = 50 , blue = 50 , purple = 30"
1068,1068,"red = 50 , blue = 50 , purple = 40"
1069,1069,"red = 50 , blue = 50 , purple = 50"
1070,1070,"red = 50 , blue = 50 , yellow = 10"
1071,1071,"red = 50 , blue = 50 , yellow = 20"
1072,1072,"red = 50 , blue = 50 , yellow = 30"
1073,1073,"red = 50 , blue = 50 , yellow = 40"
1074,1074,"red = 50 , blue = 50 , yellow = 50"
1075,1075,"red = 50 , green = 10 , purple = 10"
1076,1076,"red = 50 , green = 10 , purple = 20"
1077,1077,"red = 50 , green = 10 , purple = 30"
1078,1078,"red = 50 , green = 10 , purple = 40"
1079,1079,"red = 50 , green = 10 , purple = 50"
1080,1080,"red = 50 , green = 10 , yellow = 10"
1081,1081,"red = 50 , green = 10 , yellow = 20"
1082,1082,"red = 50 , green = 10 , yellow = 30"
1083,1083,"red = 50 , green = 10 , yellow = 40"
1084,1084,"red = 50 , green = 10 , yellow = 50"
1085,1085,"red = 50 , green = 20 , purple = 10"
1086,1086,"red = 50 , green = 20 , purple = 20"
1087,1087,"red = 50 , green = 20 , purple = 30"
1088,1088,"red = 50 , green = 20 , purple = 40"
1089,1089,"red = 50 , green = 20 , purple = 50"
1090,1090,"red = 50 , green = 20 , yellow = 10"
1091,1091,"red = 50 , green = 20 , yellow = 20"
1092,1092,"red = 50 , green = 20 , yellow = 30"
1093,1093,"red = 50 , green = 20 , yellow = 40"
1094,1094,"red = 50 , green = 20 , yellow = 50"
1095,1095,"red = 50 , green = 30 , purple = 10"
1096,1096,"red = 50 , green = 30 , purple = 20"
1097,1097,"red = 50 , green = 30 , purple = 30"
1098,1098,"red = 50 , green = 30 , purple = 40"
1099,1099,"red = 50 , green = 30 , purple = 50"
1100,1100,"red = 50 , green = 30 , yellow = 10"
1101,1101,"red = 50 , green = 30 , yellow = 20"
1102,1102,"red = 50 , green = 30 , yellow = 30"
1103,1103,"red = 50 , green = 30 , yellow = 40"
1104,1104,"red = 50 , green = 30 , yellow = 50"
1105,1105,"red = 50 , green = 40 , purple = 10"
1106,1106,"red = 50 , green = 40 , purple = 20"
1107,1107,"red = 50 , green = 40 , purple = 30"
1108,1108,"red = 50 , green = 40 , purple = 40"
1109,1109,"red = 50 , green = 40 , purple = 50"
1110,1110,"red = 50 , green = 40 , yellow = 10"
1111,1111,"red = 50 , green = 40 , yellow = 20"
1112,1112,"red = 50 , green = 40 , yellow = 30"
1113,1113,"red = 50 , green = 40 , yellow = 40"
1114,1114,"red = 50 , green = 40 , yellow = 50"
1115,1115,"red = 50 , green = 50 , purple = 10"
1116,1116,"red = 50 , green = 50 , purple = 20"
1117,1117,"red = 50 , green = 50 , purple = 30"
1118,1118,"red = 50 , green = 50 , purple = 40"
1119,1119,"red = 50 , green = 50 , purple = 50"
1120,1120,"red = 50 , green = 50 , yellow = 10"
1121,1121,"red = 50 , green = 50 , yellow = 20"
1122,1122,"red = 50 , green = 50 , yellow = 30"
1123,1123,"red = 50 , green = 50 , yellow = 40"
1124,1124,"red = 50 , green = 50 , yellow = 50"
1125,1125,"red = 50 , purple = 10 , yellow = 10"
1126,1126,"red = 50 , purple = 10 , yellow = 20"
1127,1127,"red = 50 , purple = 10 , yellow = 30"
1128,1128,"red = 50 , purple = 10 , yellow = 40"
1129,1129,"red = 50 , purple = 10 , yellow = 50"
1130,1130,"red = 50 , purple = 20 , yellow = 10"
1131,1131,"red = 50 , purple = 20 , yellow = 20"
1132,1132,"red = 50 , purple = 20 , yellow = 30"
1133,1133,"red = 50 , purple = 20 , yellow = 40"
1134,1134,"red = 50 , purple = 20 , yellow = 50"
1135,1135,"red = 50 , purple = 30 , yellow = 10"
1136,1136,"red = 50 , purple = 30 , yellow = 20"
1137,1137,"red = 50 , purple = 30 , yellow = 30"
1138,1138,"red = 50 , purple = 30 , yellow = 40"
1139,1139,"red = 50 , purple = 30 , yellow = 50"
1140,1140,"red = 50 , purple = 40 , yellow = 10"
1141,1141,"red = 50 , purple = 40 , yellow = 20"
1142,1142,"red = 50 , purple = 40 , yellow = 30"
1143,1143,"red = 50 , purple = 40 , yellow = 40"
1144,1144,"red = 50 , purple = 40 , yellow = 50"
1145,1145,"red = 50 , purple = 50 , yellow = 10"
1146,1146,"red = 50 , purple = 50 , yellow = 20"
1147,1147,"red = 50 , purple = 50 , yellow = 30"
1148,1148,"red = 50 , purple = 50 , yellow = 40"
1149,1149,"red = 50 , purple = 50 , yellow = 50"
1150,1150,"blue = 10 , green = 10 , purple = 10"
1151,1151,"blue = 10 , green = 10 , purple = 20"
1152,1152,"blue = 10 , green = 10 , purple = 30"
1153,1153,"blue = 10 , green = 10 , purple = 40"
1154,1154,"blue = 10 , green = 10 , purple = 50"
1155,1155,"blue = 10 , green = 10 , yellow = 10"
1156,1156,"blue = 10 , green = 10 , yellow = 20"
1157,1157,"blue = 10 , green = 10 , yellow = 30"
1158,1158,"blue = 10 , green = 10 , yellow = 40"
1159,1159,"blue = 10 , green = 10 , yellow = 50"
1160,1160,"blue = 10 , green = 20 , purple = 10"
1161,1161,"blue = 10 , green = 20 , purple = 20"
1162,1162,"blue = 10 , green = 20 , purple = 30"
1163,1163,"blue = 10 , green = 20 , purple = 40"
1164,1164,"blue = 10 , green = 20 , purple = 50"
1165,1165,"blue = 10 , green = 20 , yellow = 10"
1166,1166,"blue = 10 , green = 20 , yellow = 20"
1167,1167,"blue = 10 , green = 20 , yellow = 30"
1168,1168,"blue = 10 , green = 20 , yellow = 40"
1169,1169,"blue = 10 , green = 20 , yellow = 50"
1170,1170,"blue = 10 , green = 30 , purple = 10"
1171,1171,"blue = 10 , green = 30 , purple = 20"
1172,1172,"blue = 10 , green = 30 , purple = 30"
1173,1173,"blue = 10 , green = 30 , purple = 40"
1174,1174,"blue = 10 , green = 30 , purple = 50"
1175,1175,"blue = 10 , green = 30 , yellow = 10"
1176,1176,"blue = 10 , green = 30 , yellow = 20"
1177,1177,"blue = 10 , green = 30 , yellow = 30"
1178,1178,"blue = 10 , green = 30 , yellow = 40"
1179,1179,"blue = 10 , green = 30 , yellow = 50"
1180,1180,"blue = 10 , green = 40 , purple = 10"
1181,1181,"blue = 10 , green = 40 , purple = 20"
1182,1182,"blue = 10 , green = 40 , purple = 30"
1183,1183,"blue = 10 , green = 40 , purple = 40"
1184,1184,"blue = 10 , green = 40 , purple = 50"
1185,1185,"blue = 10 , green = 40 , yellow = 10"
1186,1186,"blue = 10 , green = 40 , yellow = 20"
1187,1187,"blue = 10 , green = 40 , yellow = 30"
1188,1188,"blue = 10 , green = 40 , yellow = 40"
1189,1189,"blue = 10 , green = 40 , yellow = 50"
1190,1190,"blue = 10 , green = 50 , purple = 10"
1191,1191,"blue = 10 , green = 50 , purple = 20"
1192,1192,"blue = 10 , green = 50 , purple = 30"
1193,1193,"blue = 10 , green = 50 , purple = 40"
1194,1194,"blue = 10 , green = 50 , purple = 50"
1195,1195,"blue = 10 , green = 50 , yellow = 10"
1196,1196,"blue = 10 , green = 50 , yellow = 20"
1197,1197,"blue = 10 , green = 50 , yellow = 30"
1198,1198,"blue = 10 , green = 50 , yellow = 40"
1199,1199,"blue = 10 , green = 50 , yellow = 50"
1200,1200,"blue = 10 , purple = 10 , yellow = 10"
1201,1201,"blue = 10 , purple = 10 , yellow = 20"
1202,1202,"blue = 10 , purple = 10 , yellow = 30"
1203,1203,"blue = 10 , purple = 10 , yellow = 40"
1204,1204,"blue = 10 , purple = 10 , yellow = 50"
1205,1205,"blue = 10 , purple = 20 , yellow = 10"
1206,1206,"blue = 10 , purple = 20 , yellow = 20"
1207,1207,"blue = 10 , purple = 20 , yellow = 30"
1208,1208,"blue = 10 , purple = 20 , yellow = 40"
1209,1209,"blue = 10 , purple = 20 , yellow = 50"
1210,1210,"blue = 10 , purple = 30 , yellow = 10"
1211,1211,"blue = 10 , purple = 30 , yellow = 20"
1212,1212,"blue = 10 , purple = 30 , yellow = 30"
1213,1213,"blue = 10 , purple = 30 , yellow = 40"
1214,1214,"blue = 10 , purple = 30 , yellow = 50"
1215,1215,"blue = 10 , purple = 40 , yellow = 10"
1216,1216,"blue = 10 , purple = 40 , yellow = 20"
1217,1217,"blue = 10 , purple = 40 , yellow = 30"
1218,1218,"blue = 10 , purple = 40 , yellow = 40"
1219,1219,"blue = 10 , purple = 40 , yellow = 50"
1220,1220,"blue = 10 , purple = 50 , yellow = 10"
1221,1221,"blue = 10 , purple = 50 , yellow = 20"
1222,1222,"blue = 10 , purple = 50 , yellow = 30"
1223,1223,"blue = 10 , purple = 50 , yellow = 40"
1224,1224,"blue = 10 , purple = 50 , yellow = 50"
1225,1225,"blue = 20 , green = 10 , purple = 10"
1226,1226,"blue = 20 , green = 10 , purple = 20"
1227,1227,"blue = 20 , green = 10 , purple = 30"
1228,1228,"blue = 20 , green = 10 , purple = 40"
1229,1229,"blue = 20 , green = 10 , purple = 50"
1230,1230,"blue = 20 , green = 10 , yellow = 10"
1231,1231,"blue = 20 , green = 10 , yellow = 20"
1232,1232,"blue = 20 , green = 10 , yellow = 30"
1233,1233,"blue = 20 , green = 10 , yellow = 40"
1234,1234,"blue = 20 , green = 10 , yellow = 50"
1235,1235,"blue = 20 , green = 20 , purple = 10"
1236,1236,"blue = 20 , green = 20 , purple = 20"
1237,1237,"blue = 20 , green = 20 , purple = 30"
1238,1238,"blue = 20 , green = 20 , purple = 40"
1239,1239,"blue = 20 , green = 20 , purple = 50"
1240,1240,"blue = 20 , green = 20 , yellow = 10"
1241,1241,"blue = 20 , green = 20 , yellow = 20"
1242,1242,"blue = 20 , green = 20 , yellow = 30"
1243,1243,"blue = 20 , green = 20 , yellow = 40"
1244,1244,"blue = 20 , green = 20 , yellow = 50"
1245,1245,"blue = 20 , green = 30 , purple = 10"
1246,1246,"blue = 20 , green = 30 , purple = 20"
1247,1247,"blue = 20 , green = 30 , purple = 30"
1248,1248,"blue = 20 , green = 30 , purple = 40"
1249,1249,"blue = 20 , green = 30 , purple = 50"
1250,1250,"blue = 20 , green = 30 , yellow = 10"
1251,1251,"blue = 20 , green = 30 , yellow = 20"
1252,1252,"blue = 20 , green = 30 , yellow = 30"
1253,1253,"blue = 20 , green = 30 , yellow = 40"
1254,1254,"blue = 20 , green = 30 , yellow = 50"
1255,1255,"blue = 20 , green = 40 , purple = 10"
1256,1256,"blue = 20 , green = 40 , purple = 20"
1257,1257,"blue = 20 , green = 40 , purple = 30"
1258,1258,"blue = 20 , green = 40 , purple = 40"
1259,1259,"blue = 20 , green = 40 , purple = 50"
1260,1260,"blue = 20 , green = 40 , yellow = 10"
1261,1261,"blue = 20 , green = 40 , yellow = 20"
1262,1262,"blue = 20 , green = 40 , yellow = 30"
1263,1263,"blue = 20 , green = 40 , yellow = 40"
1264,1264,"blue = 20 , green = 40 , yellow = 50"
1265,1265,"blue = 20 , green = 50 , purple = 10"
1266,1266,"blue = 20 , green = 50 , purple = 20"
1267,1267,"blue = 20 , green = 50 , purple = 30"
1268,1268,"blue = 20 , green = 50 , purple = 40"
1269,1269,"blue = 20 , green = 50 , purple = 50"
1270,1270,"blue = 20 , green = 50 , yellow = 10"
1271,1271,"blue = 20 , green = 50 , yellow = 20"
1272,1272,"blue = 20 , green = 50 , yellow = 30"
1273,1273,"blue = 20 , green = 50 , yellow = 40"
1274,1274,"blue = 20 , green = 50 , yellow = 50"
1275,1275,"blue = 20 , purple = 10 , yellow = 10"
1276,1276,"blue = 20 , purple = 10 , yellow = 20"
1277,1277,"blue = 20 , purple = 10 , yellow = 30"
1278,1278,"blue = 20 , purple = 10 , yellow = 40"
1279,1279,"blue = 20 , purple = 10 , yellow = 50"
1280,1280,"blue = 20 , purple = 20 , yellow = 10"
1281,1281,"blue = 20 , purple = 20 , yellow = 20"
1282,1282,"blue = 20 , purple = 20 , yellow = 30"
1283,1283,"blue = 20 , purple = 20 , yellow = 40"
1284,1284,"blue = 20 , purple = 20 , yellow = 50"
1285,1285,"blue = 20 , purple = 30 , yellow = 10"
1286,1286,"blue = 20 , purple = 30 , yellow = 20"
1287,1287,"blue = 20 , purple = 30 , yellow = 30"
1288,1288,"blue = 20 , purple = 30 , yellow = 40"
1289,1289,"blue = 20 , purple = 30 , yellow = 50"
1290,1290,"blue = 20 , purple = 40 , yellow = 10"
1291,1291,"blue = 20 , purple = 40 , yellow = 20"
1292,1292,"blue = 20 , purple = 40 , yellow = 30"
1293,1293,"blue = 20 , purple = 40 , yellow = 40"
1294,1294,"blue = 20 , purple = 40 , yellow = 50"
1295,1295,"blue = 20 , purple = 50 , yellow = 10"
1296,1296,"blue = 20 , purple = 50 , yellow = 20"
1297,1297,"blue = 20 , purple = 50 , yellow = 30"
1298,1298,"blue = 20 , purple = 50 , yellow = 40"
1299,1299,"blue = 20 , purple = 50 , yellow = 50"
1300,1300,"blue = 30 , green = 10 , purple = 10"
1301,1301,"blue = 30 , green = 10 , purple = 20"
1302,1302,"blue = 30 , green = 10 , purple = 30"
1303,1303,"blue = 30 , green = 10 , purple = 40"
1304,1304,"blue = 30 , green = 10 , purple = 50"
1305,1305,"blue = 30 , green = 10 , yellow = 10"
1306,1306,"blue = 30 , green = 10 , yellow = 20"
1307,1307,"blue = 30 , green = 10 , yellow = 30"
1308,1308,"blue = 30 , green = 10 , yellow = 40"
1309,1309,"blue = 30 , green = 10 , yellow = 50"
1310,1310,"blue = 30 , green = 20 , purple = 10"
1311,1311,"blue = 30 , green = 20 , purple = 20"
1312,1312,"blue = 30 , green = 20 , purple = 30"
1313,1313,"blue = 30 , green = 20 , purple = 40"
1314,1314,"blue = 30 , green = 20 , purple = 50"
1315,1315,"blue = 30 , green = 20 , yellow = 10"
1316,1316,"blue = 30 , green = 20 , yellow = 20"
1317,1317,"blue = 30 , green = 20 , yellow = 30"
1318,1318,"blue = 30 , green = 20 , yellow = 40"
1319,1319,"blue = 30 , green = 20 , yellow = 50"
1320,1320,"blue = 30 , green = 30 , purple = 10"
1321,1321,"blue = 30 , green = 30 , purple = 20"
1322,1322,"blue = 30 , green = 30 , purple = 30"
1323,1323,"blue = 30 , green = 30 , purple = 40"
1324,1324,"blue = 30 , green = 30 , purple = 50"
1325,1325,"blue = 30 , green = 30 , yellow = 10"
1326,1326,"blue = 30 , green = 30 , yellow = 20"
1327,1327,"blue = 30 , green = 30 , yellow = 30"
1328,1328,"blue = 30 , green = 30 , yellow = 40"
1329,1329,"blue = 30 , green = 30 , yellow = 50"
1330,1330,"blue = 30 , green = 40 , purple = 10"
1331,1331,"blue = 30 , green = 40 , purple = 20"
1332,1332,"blue = 30 , green = 40 , purple = 30"
1333,1333,"blue = 30 , green = 40 , purple = 40"
1334,1334,"blue = 30 , green = 40 , purple = 50"
1335,1335,"blue = 30 , green = 40 , yellow = 10"
1336,1336,"blue = 30 , green = 40 , yellow = 20"
1337,1337,"blue = 30 , green = 40 , yellow = 30"
1338,1338,"blue = 30 , green = 40 , yellow = 40"
1339,1339,"blue = 30 , green = 40 , yellow = 50"
1340,1340,"blue = 30 , green = 50 , purple = 10"
1341,1341,"blue = 30 , green = 50 , purple = 20"
1342,1342,"blue = 30 , green = 50 , purple = 30"
1343,1343,"blue = 30 , green = 50 , purple = 40"
1344,1344,"blue = 30 , green = 50 , purple = 50"
1345,1345,"blue = 30 , green = 50 , yellow = 10"
1346,1346,"blue = 30 , green = 50 , yellow = 20"
1347,1347,"blue = 30 , green = 50 , yellow = 30"
1348,1348,"blue = 30 , green = 50 , yellow = 40"
1349,1349,"blue = 30 , green = 50 , yellow = 50"
1350,1350,"blue = 30 , purple = 10 , yellow = 10"
1351,1351,"blue = 30 , purple = 10 , yellow = 20"
1352,1352,"blue = 30 , purple = 10 , yellow = 30"
1353,1353,"blue = 30 , purple = 10 , yellow = 40"
1354,1354,"blue = 30 , purple = 10 , yellow = 50"
1355,1355,"blue = 30 , purple = 20 , yellow = 10"
1356,1356,"blue = 30 , purple = 20 , yellow = 20"
1357,1357,"blue = 30 , purple = 20 , yellow = 30"
1358,1358,"blue = 30 , purple = 20 , yellow = 40"
1359,1359,"blue = 30 , purple = 20 , yellow = 50"
1360,1360,"blue = 30 , purple = 30 , yellow = 10"
1361,1361,"blue = 30 , purple = 30 , yellow = 20"
1362,1362,"blue = 30 , purple = 30 , yellow = 30"
1363,1363,"blue = 30 , purple = 30 , yellow = 40"
1364,1364,"blue = 30 , purple = 30 , yellow = 50"
1365,1365,"blue = 30 , purple = 40 , yellow = 10"
1366,1366,"blue = 30 , purple = 40 , yellow = 20"
1367,1367,"blue = 30 , purple = 40 , yellow = 30"
1368,1368,"blue = 30 , purple = 40 , yellow = 40"
1369,1369,"blue = 30 , purple = 40 , yellow = 50"
1370,1370,"blue = 30 , purple = 50 , yellow = 10"
1371,1371,"blue = 30 , purple = 50 , yellow = 20"
1372,1372,"blue = 30 , purple = 50 , yellow = 30"
1373,1373,"blue = 30 , purple = 50 , yellow = 40"
1374,1374,"blue = 30 , purple = 50 , yellow = 50"
1375,1375,"blue = 40 , green = 10 , purple = 10"
1376,1376,"blue = 40 , green = 10 , purple = 20"
1377,1377,"blue = 40 , green = 10 , purple = 30"
1378,1378,"blue = 40 , green = 10 , purple = 40"
1379,1379,"blue = 40 , green = 10 , purple = 50"
1380,1380,"blue = 40 , green = 10 , yellow = 10"
1381,1381,"blue = 40 , green = 10 , yellow = 20"
1382,1382,"blue = 40 , green = 10 , yellow = 30"
1383,1383,"blue = 40 , green = 10 , yellow = 40"
1384,1384,"blue = 40 , green = 10 , yellow = 50"
1385,1385,"blue = 40 , green = 20 , purple = 10"
1386,1386,"blue = 40 , green = 20 , purple = 20"
1387,1387,"blue = 40 , green = 20 , purple = 30"
1388,1388,"blue = 40 , green = 20 , purple = 40"
1389,1389,"blue = 40 , green = 20 , purple = 50"
1390,1390,"blue = 40 , green = 20 , yellow = 10"
1391,1391,"blue = 40 , green = 20 , yellow = 20"
1392,1392,"blue = 40 , green = 20 , yellow = 30"
1393,1393,"blue = 40 , green = 20 , yellow = 40"
1394,1394,"blue = 40 , green = 20 , yellow = 50"
1395,1395,"blue = 40 , green = 30 , purple = 10"
1396,1396,"blue = 40 , green = 30 , purple = 20"
1397,1397,"blue = 40 , green = 30 , purple = 30"
1398,1398,"blue = 40 , green = 30 , purple = 40"
1399,1399,"blue = 40 , green = 30 , purple = 50"
1400,1400,"blue = 40 , green = 30 , yellow = 10"
1401,1401,"blue = 40 , green = 30 , yellow = 20"
1402,1402,"blue = 40 , green = 30 , yellow = 30"
1403,1403,"blue = 40 , green = 30 , yellow = 40"
1404,1404,"blue = 40 , green = 30 , yellow = 50"
1405,1405,"blue = 40 , green = 40 , purple = 10"
1406,1406,"blue = 40 , green = 40 , purple = 20"
1407,1407,"blue = 40 , green = 40 , purple = 30"
1408,1408,"blue = 40 , green = 40 , purple = 40"
1409,1409,"blue = 40 , green = 40 , purple = 50"
1410,1410,"blue = 40 , green = 40 , yellow = 10"
1411,1411,"blue = 40 , green = 40 , yellow = 20"
1412,1412,"blue = 40 , green = 40 , yellow = 30"
1413,1413,"blue = 40 , green = 40 , yellow = 40"
1414,1414,"blue = 40 , green = 40 , yellow = 50"
1415,1415,"blue = 40 , green = 50 , purple = 10"
1416,1416,"blue = 40 , green = 50 , purple = 20"
1417,1417,"blue = 40 , green = 50 , purple = 30"
1418,1418,"blue = 40 , green = 50 , purple = 40"
1419,1419,"blue = 40 , green = 50 , purple = 50"
1420,1420,"blue = 40 , green = 50 , yellow = 10"
1421,1421,"blue = 40 , green = 50 , yellow = 20"
1422,1422,"blue = 40 , green = 50 , yellow = 30"
1423,1423,"blue = 40 , green = 50 , yellow = 40"
1424,1424,"blue = 40 , green = 50 , yellow = 50"
1425,1425,"blue = 40 , purple = 10 , yellow = 10"
1426,1426,"blue = 40 , purple = 10 , yellow = 20"
1427,1427,"blue = 40 , purple = 10 , yellow = 30"
1428,1428,"blue = 40 , purple = 10 , yellow = 40"
1429,1429,"blue = 40 , purple = 10 , yellow = 50"
1430,1430,"blue = 40 , purple = 20 , yellow = 10"
1431,1431,"blue = 40 , purple = 20 , yellow = 20"
1432,1432,"blue = 40 , purple = 20 , yellow = 30"
1433,1433,"blue = 40 , purple = 20 , yellow = 40"
1434,1434,"blue = 40 , purple = 20 , yellow = 50"
1435,1435,"blue = 40 , purple = 30 , yellow = 10"
1436,1436,"blue = 40 , purple = 30 , yellow = 20"
1437,1437,"blue = 40 , purple = 30 , yellow = 30"
1438,1438,"blue = 40 , purple = 30 , yellow = 40"
1439,1439,"blue = 40 , purple = 30 , yellow = 50"
1440,1440,"blue = 40 , purple = 40 , yellow = 10"
1441,1441,"blue = 40 , purple = 40 , yellow = 20"
1442,1442,"blue = 40 , purple = 40 , yellow = 30"
1443,1443,"blue = 40 , purple = 40 , yellow = 40"
1444,1444,"blue = 40 , purple = 40 , yellow = 50"
1445,1445,"blue = 40 , purple = 50 , yellow = 10"
1446,1446,"blue = 40 , purple = 50 , yellow = 20"
1447,1447,"blue = 40 , purple = 50 , yellow = 30"
1448,1448,"blue = 40 , purple = 50 , yellow = 40"
1449,1449,"blue = 40 , purple = 50 , yellow = 50"
1450,1450,"blue = 50 , green = 10 , purple = 10"
1451,1451,"blue = 50 , green = 10 , purple = 20"
1452,1452,"blue = 50 , green = 10 , purple = 30"
1453,1453,"blue = 50 , green = 10 , purple = 40"
1454,1454,"blue = 50 , green = 10 , purple = 50"
1455,1455,"blue = 50 , green = 10 , yellow = 10"
1456,1456,"blue = 50 , green = 10 , yellow = 20"
1457,1457,"blue = 50 , green = 10 , yellow = 30"
1458,1458,"blue = 50 , green = 10 , yellow = 40"
1459,1459,"blue = 50 , green = 10 , yellow = 50"
1460,1460,"blue = 50 , green = 20 , purple = 10"
1461,1461,"blue = 50 , green = 20 , purple = 20"
1462,1462,"blue = 50 , green = 20 , purple = 30"
1463,1463,"blue = 50 , green = 20 , purple = 40"
1464,1464,"blue = 50 , green = 20 , purple = 50"
1465,1465,"blue = 50 , green = 20 , yellow = 10"
1466,1466,"blue = 50 , green = 20 , yellow = 20"
1467,1467,"blue = 50 , green = 20 , yellow = 30"
1468,1468,"blue = 50 , green = 20 , yellow = 40"
1469,1469,"blue = 50 , green = 20 , yellow = 50"
1470,1470,"blue = 50 , green = 30 , purple = 10"
1471,1471,"blue = 50 , green = 30 , purple = 20"
1472,1472,"blue = 50 , green = 30 , purple = 30"
1473,1473,"blue = 50 , green = 30 , purple = 40"
1474,1474,"blue = 50 , green = 30 , purple = 50"
1475,1475,"blue = 50 , green = 30 , yellow = 10"
1476,1476,"blue = 50 , green = 30 , yellow = 20"
1477,1477,"blue = 50 , green = 30 , yellow = 30"
1478,1478,"blue = 50 , green = 30 , yellow = 40"
1479,1479,"blue = 50 , green = 30 , yellow = 50"
1480,1480,"blue = 50 , green = 40 , purple = 10"
1481,1481,"blue = 50 , green = 40 , purple = 20"
1482,1482,"blue = 50 , green = 40 , purple = 30"
1483,1483,"blue = 50 , green = 40 , purple = 40"
1484,1484,"blue = 50 , green = 40 , purple = 50"
1485,1485,"blue = 50 , green = 40 , yellow = 10"
1486,1486,"blue = 50 , green = 40 , yellow = 20"
1487,1487,"blue = 50 , green = 40 , yellow = 30"
1488,1488,"blue = 50 , green = 40 , yellow = 40"
1489,1489,"blue = 50 , green = 40 , yellow = 50"
1490,1490,"blue = 50 , green = 50 , purple = 10"
1491,1491,"blue = 50 , green = 50 , purple = 20"
1492,1492,"blue = 50 , green = 50 , purple = 30"
1493,1493,"blue = 50 , green = 50 , purple = 40"
1494,1494,"blue = 50 , green = 50 , purple = 50"
1495,1495,"blue = 50 , green = 50 , yellow = 10"
1496,1496,"blue = 50 , green = 50 , yellow = 20"
1497,1497,"blue = 50 , green = 50 , yellow = 30"
1498,1498,"blue = 50 , green = 50 , yellow = 40"
1499,1499,"blue = 50 , green = 50 , yellow = 50"
1500,1500,"blue = 50 , purple = 10 , yellow = 10"
1501,1501,"blue = 50 , purple = 10 , yellow = 20"
1502,1502,"blue = 50 , purple = 10 , yellow = 30"
1503,1503,"blue = 50 , purple = 10 , yellow = 40"
1504,1504,"blue = 50 , purple = 10 , yellow = 50"
1505,1505,"blue = 50 , purple = 20 , yellow = 10"
1506,1506,"blue = 50 , purple = 20 , yellow = 20"
1507,1507,"blue = 50 , purple = 20 , yellow = 30"
1508,1508,"blue = 50 , purple = 20 , yellow = 40"
1509,1509,"blue = 50 , purple = 20 , yellow = 50"
1510,1510,"blue = 50 , purple = 30 , yellow = 10"
1511,1511,"blue = 50 , purple = 30 , yellow = 20"
1512,1512,"blue = 50 , purple = 30 , yellow = 30"
1513,1513,"blue = 50 , purple = 30 , yellow = 40"
1514,1514,"blue = 50 , purple = 30 , yellow = 50"
1515,1515,"blue = 50 , purple = 40 , yellow = 10"
1516,1516,"blue = 50 , purple = 40 , yellow = 20"
1517,1517,"blue = 50 , purple = 40 , yellow = 30"
1518,1518,"blue = 50 , purple = 40 , yellow = 40"
1519,1519,"blue = 50 , purple = 40 , yellow = 50"
1520,1520,"blue = 50 , purple = 50 , yellow = 10"
1521,1521,"blue = 50 , purple = 50 , yellow = 20"
1522,1522,"blue = 50 , purple = 50 , yellow = 30"
1523,1523,"blue = 50 , purple = 50 , yellow = 40"
1524,1524,"blue = 50 , purple = 50 , yellow = 50"
1525,1525,"green = 10 , purple = 10 , yellow = 10"
1526,1526,"green = 10 , purple = 10 , yellow = 20"
1527,1527,"green = 10 , purple = 10 , yellow = 30"
1528,1528,"green = 10 , purple = 10 , yellow = 40"
1529,1529,"green = 10 , purple = 10 , yellow = 50"
1530,1530,"green = 10 , purple = 20 , yellow = 10"
1531,1531,"green = 10 , purple = 20 , yellow = 20"
1532,1532,"green = 10 , purple = 20 , yellow = 30"
1533,1533,"green = 10 , purple = 20 , yellow = 40"
1534,1534,"green = 10 , purple = 20 , yellow = 50"
1535,1535,"green = 10 , purple = 30 , yellow = 10"
1536,1536,"green = 10 , purple = 30 , yellow = 20"
1537,1537,"green = 10 , purple = 30 , yellow = 30"
1538,1538,"green = 10 , purple = 30 , yellow = 40"
1539,1539,"green = 10 , purple = 30 , yellow = 50"
1540,1540,"green = 10 , purple = 40 , yellow = 10"
1541,1541,"green = 10 , purple = 40 , yellow = 20"
1542,1542,"green = 10 , purple = 40 , yellow = 30"
1543,1543,"green = 10 , purple = 40 , yellow = 40"
1544,1544,"green = 10 , purple = 40 , yellow = 50"
1545,1545,"green = 10 , purple = 50 , yellow = 10"
1546,1546,"green = 10 , purple = 50 , yellow = 20"
1547,1547,"green = 10 , purple = 50 , yellow = 30"
1548,1548,"green = 10 , purple = 50 , yellow = 40"
1549,1549,"green = 10 , purple = 50 , yellow = 50"
1550,1550,"green = 20 , purple = 10 , yellow = 10"
1551,1551,"green = 20 , purple = 10 , yellow = 20"
1552,1552,"green = 20 , purple = 10 , yellow = 30"
1553,1553,"green = 20 , purple = 10 , yellow = 40"
1554,1554,"green = 20 , purple = 10 , yellow = 50"
1555,1555,"green = 20 , purple = 20 , yellow = 10"
1556,1556,"green = 20 , purple = 20 , yellow = 20"
1557,1557,"green = 20 , purple = 20 , yellow = 30"
1558,1558,"green = 20 , purple = 20 , yellow = 40"
1559,1559,"green = 20 , purple = 20 , yellow = 50"
1560,1560,"green = 20 , purple = 30 , yellow = 10"
1561,1561,"green = 20 , purple = 30 , yellow = 20"
1562,1562,"green = 20 , purple = 30 , yellow = 30"
1563,1563,"green = 20 , purple = 30 , yellow = 40"
1564,1564,"green = 20 , purple = 30 , yellow = 50"
1565,1565,"green = 20 , purple = 40 , yellow = 10"
1566,1566,"green = 20 , purple = 40 , yellow = 20"
1567,1567,"green = 20 , purple = 40 , yellow = 30"
1568,1568,"green = 20 , purple = 40 , yellow = 40"
1569,1569,"green = 20 , purple = 40 , yellow = 50"
1570,1570,"green = 20 , purple = 50 , yellow = 10"
1571,1571,"green = 20 , purple = 50 , yellow = 20"
1572,1572,"green = 20 , purple = 50 , yellow = 30"
1573,1573,"green = 20 , purple = 50 , yellow = 40"
1574,1574,"green = 20 , purple = 50 , yellow = 50"
1575,1575,"green = 30 , purple = 10 , yellow = 10"
1576,1576,"green = 30 , purple = 10 , yellow = 20"
1577,1577,"green = 30 , purple = 10 , yellow = 30"
1578,1578,"green = 30 , purple = 10 , yellow = 40"
1579,1579,"green = 30 , purple = 10 , yellow = 50"
1580,1580,"green = 30 , purple = 20 , yellow = 10"
1581,1581,"green = 30 , purple = 20 , yellow = 20"
1582,1582,"green = 30 , purple = 20 , yellow = 30"
1583,1583,"green = 30 , purple = 20 , yellow = 40"
1584,1584,"green = 30 , purple = 20 , yellow = 50"
1585,1585,"green = 30 , purple = 30 , yellow = 10"
1586,1586,"green = 30 , purple = 30 , yellow = 20"
1587,1587,"green = 30 , purple = 30 , yellow = 30"
1588,1588,"green = 30 , purple = 30 , yellow = 40"
1589,1589,"green = 30 , purple = 30 , yellow = 50"
1590,1590,"green = 30 , purple = 40 , yellow = 10"
1591,1591,"green = 30 , purple = 40 , yellow = 20"
1592,1592,"green = 30 , purple = 40 , yellow = 30"
1593,1593,"green = 30 , purple = 40 , yellow = 40"
1594,1594,"green = 30 , purple = 40 , yellow = 50"
1595,1595,"green = 30 , purple = 50 , yellow = 10"
1596,1596,"green = 30 , purple = 50 , yellow = 20"
1597,1597,"green = 30 , purple = 50 , yellow = 30"
1598,1598,"green = 30 , purple = 50 , yellow = 40"
1599,1599,"green = 30 , purple = 50 , yellow = 50"
1600,1600,"green = 40 , purple = 10 , yellow = 10"
1601,1601,"green = 40 , purple = 10 , yellow = 20"
1602,1602,"green = 40 , purple = 10 , yellow = 30"
1603,1603,"green = 40 , purple = 10 , yellow = 40"
1604,1604,"green = 40 , purple = 10 , yellow = 50"
1605,1605,"green = 40 , purple = 20 , yellow = 10"
1606,1606,"green = 40 , purple = 20 , yellow = 20"
1607,1607,"green = 40 , purple = 20 , yellow = 30"
1608,1608,"green = 40 , purple = 20 , yellow = 40"
1609,1609,"green = 40 , purple = 20 , yellow = 50"
1610,1610,"green = 40 , purple = 30 , yellow = 10"
1611,1611,"green = 40 , purple = 30 , yellow = 20"
1612,1612,"green = 40 , purple = 30 , yellow = 30"
1613,1613,"green = 40 , purple = 30 , yellow = 40"
1614,1614,"green = 40 , purple = 30 , yellow = 50"
1615,1615,"green = 40 , purple = 40 , yellow = 10"
1616,1616,"green = 40 , purple = 40 , yellow = 20"
1617,1617,"green = 40 , purple = 40 , yellow = 30"
1618,1618,"green = 40 , purple = 40 , yellow = 40"
1619,1619,"green = 40 , purple = 40 , yellow = 50"
1620,1620,"green = 40 , purple = 50 , yellow = 10"
1621,1621,"green = 40 , purple = 50 , yellow = 20"
1622,1622,"green = 40 , purple = 50 , yellow = 30"
1623,1623,"green = 40 , purple = 50 , yellow = 40"
1624,1624,"green = 40 , purple = 50 , yellow = 50"
1625,1625,"green = 50 , purple = 10 , yellow = 10"
1626,1626,"green = 50 , purple = 10 , yellow = 20"
1627,1627,"green = 50 , purple = 10 , yellow = 30"
1628,1628,"green = 50 , purple = 10 , yellow = 40"
1629,1629,"green = 50 , purple = 10 , yellow = 50"
1630,1630,"green = 50 , purple = 20 , yellow = 10"
1631,1631,"green = 50 , purple = 20 , yellow = 20"
1632,1632,"green = 50 , purple = 20 , yellow = 30"
1633,1633,"green = 50 , purple = 20 , yellow = 40"
1634,1634,"green = 50 , purple = 20 , yellow = 50"
1635,1635,"green = 50 , purple = 30 , yellow = 10"
1636,1636,"green = 50 , purple = 30 , yellow = 20"
1637,1637,"green = 50 , purple = 30 , yellow = 30"
1638,1638,"green = 50 , purple = 30 , yellow = 40"
1639,1639,"green = 50 , purple = 30 , yellow = 50"
1640,1640,"green = 50 , purple = 40 , yellow = 10"
1641,1641,"green = 50 , purple = 40 , yellow = 20"
1642,1642,"green = 50 , purple = 40 , yellow = 30"
1643,1643,"green = 50 , purple = 40 , yellow = 40"
1644,1644,"green = 50 , purple = 40 , yellow = 50"
1645,1645,"green = 50 , purple = 50 , yellow = 10"
1646,1646,"green = 50 , purple = 50 , yellow = 20"
1647,1647,"green = 50 , purple = 50 , yellow = 30"
1648,1648,"green = 50 , purple = 50 , yellow = 40"
1649,1649,"green = 50 , purple = 50 , yellow = 50"
